{
    "n_samples": 20,
    "n_forecast": 10,
    "target": "TOT_HOSP",
    "scaler_generator": "MinMax",
    "europe": false,
    "augment_pop": {
        "FR-A": 19.11864,
        "FR-B": 36.8894,
        "FR-C": 13.72611,
        "FR-D": 12.42997,
        "FR-E": 26.39516,
        "FR-F": 26.57289,
        "FR-G": 13.05723,
        "FR-H": 13.42709,
        "FR-I": 7.44641,
        "FR-J": 123.26429,
        "FR-K": 28.81903,
        "FR-L": 11.41802,
        "FR-M": 23.0723,
        "FR-N": 31.03848,
        "FR-O": 40.54311,
        "FR-P": 14.5965,
        "FR-Q": 17.94762,
        "FR-R": 38.3806,
        "FR-S": 19.23151,
        "FR-T": 18.15164,
        "FR-U": 50.89661,
        "FR-V": 66.07582
    },
    "date_begin": "2020-02-01",
    "list_topics": {
        "Fi\u00e8vre": "/m/0cjf0",
        "Toux": "/m/01b_21",
        "Mal de gorge": "/m/0b76bty"
    },
    "predict_one": false,
    "cumsum": false
}